Issue Type,Summary,Description,Priority,Component,Labels,Epic Link,Story Points,Fix Version
Epic,"[Fase 1] MVP Front-end Navegável dos 5 Ambientes da Plataforma IAprofEPT","Épico macro da Fase 1 (22/09 a 05/10/2026). Entrega de aplicação web 100% navegável contendo a interface completa dos 5 ambientes (Formativo, Laboratório de IA, Repositório, Reflexão Crítica e Suporte), tela de login/cadastro docente, design system institucional UFJF e integração de dados simulados fiéis ao protótipo de Maycon Magalhães. Zero prompts em branco expostos.",High,"Frontend;UI/UX","fase1-mvp;doutorado;ufjf;prototipo",,13,v0.1.0-MVP
Story,"[Design System] Implementação dos Tokens Visuais e Estilos Globais Institucionais","Implementar o Design System da plataforma IAprofEPT conforme a paleta e tipografia oficial da UFJF/PPGEM. Definir variáveis CSS globais para cores (#064E3B, #10B981, #DC2626, #F8FAFC, #0F172A), tipografia (Outfit para títulos, Plus Jakarta Sans para corpo, Space Grotesk/Fira Code para dados técnicos), sombras suaves (shadow-app), bordas arredondadas e sistema de grid responsivo. Critério de Aceite: todas as cores e fontes alinhadas ao protótipo e acessibilidade WCAG AA comprovada.",High,"Design System","fase1-mvp;design-system;css","[Fase 1] MVP Front-end Navegável dos 5 Ambientes da Plataforma IAprofEPT",3,v0.1.0-MVP
Sub-task,"[Design System] Configuração de Variáveis CSS e Paleta de Cores Institucionais","Criar arquivo de estilos base com todas as variáveis CSS (:root): --primary-green (#064E3B), --accent-green (#10B981), --accent-red (#DC2626), --bg-page (#EDF2F7 ou #FAFAFA), espaçamentos e raios de borda (--radius-md, --radius-lg).",High,"Design System","fase1-mvp;css","[Design System] Implementação dos Tokens Visuais e Estilos Globais Institucionais",1,v0.1.0-MVP
Sub-task,"[Design System] Carregamento e Hierarquia Tipográfica (Google Fonts)","Integrar as fontes Outfit e Plus Jakarta Sans via Google Fonts, definindo pesos (400, 500, 600, 700, 800) e escalas tipográficas responsivas com clamp() para títulos e subtítulos.",Medium,"Design System","fase1-mvp;css","[Design System] Implementação dos Tokens Visuais e Estilos Globais Institucionais",1,v0.1.0-MVP
Sub-task,"[Design System] Biblioteca de Ícones SVG e Badges Customizados","Implementar componente ou catálogo de ícones SVG (calc, layers, podcast, doc, book, flask, repo, scale, help, graph, spark) e tags coloridas de status/eixos com badges suaves.",Medium,"Frontend","fase1-mvp;icons","[Design System] Implementação dos Tokens Visuais e Estilos Globais Institucionais",1,v0.1.0-MVP
Story,"[Auth & Onboarding] Telas de Login, Cadastro e Boas-Vindas aos Professores da EPT","Desenvolver o fluxo de autenticação e acolhimento dos docentes da Rede Federal de Educação Profissional, Científica e Tecnológica (RFEPCT). Inclui tela de login com avatar institucional, modal de cadastro solicitando Vínculo Institucional (Instituto Federal/Campus, Área de Atuação Matemática, Cursos Técnicos atendidos) e tela de Onboarding com apresentação dos 5 Ambientes. Critério de Aceite: transição suave entre login, cadastro e dashboard com persistência local de sessão simulada.",High,"Frontend","fase1-mvp;auth;onboarding","[Fase 1] MVP Front-end Navegável dos 5 Ambientes da Plataforma IAprofEPT",5,v0.1.0-MVP
Sub-task,"[Auth] Tela de Login com Identidade Visual Institucional","Desenvolver a interface de login com campo de e-mail institucional/matrícula, senha, botão 'Entrar na Plataforma', link 'Esqueci minha senha' e link para criação de conta.",Medium,"Frontend","fase1-mvp;auth","[Auth & Onboarding] Telas de Login, Cadastro e Boas-Vindas aos Professores da EPT",2,v0.1.0-MVP
Sub-task,"[Auth] Modal de Cadastro Parametrizado para Docentes da RFEPCT","Construir o formulário de cadastro com campos específicos da pesquisa: Nome Completo, E-mail, Instituição de Origem (IF/CEFET/Colégio Técnico), Campus, Cursos Técnicos em que leciona e Aceite do Termo Ético de Pesquisa.",High,"Frontend","fase1-mvp;auth","[Auth & Onboarding] Telas de Login, Cadastro e Boas-Vindas aos Professores da EPT",2,v0.1.0-MVP
Sub-task,"[Onboarding] Modal de Boas-Vindas e Apresentação do Produto Educacional","Criar tela inicial explicativa destacando o propósito da pesquisa de Maycon Magalhães, o papel da IA como copilot pedagógico e o compromisso ético de validação docente.",Medium,"Frontend","fase1-mvp;onboarding","[Auth & Onboarding] Telas de Login, Cadastro e Boas-Vindas aos Professores da EPT",1,v0.1.0-MVP
Story,"[Layout & Header] Topbar, Navegação Modular e Banner Ético Permanente","Construir o container principal da aplicação, a barra superior de navegação com logotipo IAprofEPT, seletor de módulos (Início, Formativo, Laboratório, Repositório, Reflexão, Suporte), perfil do usuário logado (ex: Prof. Maycon Magalhães · IFNMG) e o Banner de Alerta Ético Obrigatório em destaque vermelho. Critério de Aceite: navegação entre abas sem recarregamento de página, indicador de aba ativa e banner ético visível em todas as telas.",Highest,"UI/UX","fase1-mvp;layout;etica","[Fase 1] MVP Front-end Navegável dos 5 Ambientes da Plataforma IAprofEPT",3,v0.1.0-MVP
Sub-task,"[Layout] Topbar Institucional com Identidade e Perfil do Usuário","Criar cabeçalho com logo badge em gradiente verde, título 'IAprofEPT', subtítulo 'UFJF / PPGEM', botões das 6 rotas principais e badge de usuário com iniciais e menu suspenso de perfil.",Medium,"Frontend","fase1-mvp;layout","[Layout & Header] Topbar, Navegação Modular e Banner Ético Permanente",1,v0.1.0-MVP
Sub-task,"[Layout] Banner de Validação Ética e Autonomia Docente Obrigatório","Implementar o banner fixo/destacado com borda vermelha e ícone de alerta com o texto: 'Este conteúdo foi gerado por Inteligência Artificial. Cabe ao professor revisar, adaptar e validar pedagogicamente sua aplicação.'.",Highest,"UI/UX","fase1-mvp;etica","[Layout & Header] Topbar, Navegação Modular e Banner Ético Permanente",1,v0.1.0-MVP
Sub-task,"[Layout] Roteamento de Abas em Estado Global (SPA)","Implementar gerenciador de estado de navegação (currentTab: 'inicio' | 'formativo' | 'laboratorio' | 'repositorio' | 'reflexao' | 'suporte') garantindo troca fluida e preservação de formulários.",High,"Frontend","fase1-mvp;routing","[Layout & Header] Topbar, Navegação Modular e Banner Ético Permanente",1,v0.1.0-MVP
Story,"[Ambiente 1] Construção do Ambiente Formativo (Trilhas, Acervo e Vídeos)","Implementar o Ambiente Formativo contendo: 1) Grid com as 4 Trilhas de Aprendizagem (Fundamentos da IA, Ética, Possibilidades Didáticas e Estudos de Caso na EPT) com barras de progresso percentual; 2) Acervo de Documentos Oficiais (UNESCO, Plano Brasileiro de IA - PBIA, Guias e Artigos) com filtros por tipo; 3) Player/Card de Vídeos do YouTube integrados; 4) E-book interativo de Prompts Curados para Educação Matemática. Critério de Aceite: cards com badges funcionais, modal para visualização de documentos e player responsivo.",High,"Frontend","fase1-mvp;formativo","[Fase 1] MVP Front-end Navegável dos 5 Ambientes da Plataforma IAprofEPT",5,v0.1.0-MVP
Sub-task,"[Formativo] Grid de Trilhas de Formação Continuada com Status","Construir os cards das 4 trilhas exibindo título, descrição, número de aulas, duração em minutos, barra de progresso (0 a 100%) e status visual (done, now, lock).",High,"Frontend","fase1-mvp;formativo","[Ambiente 1] Construção do Ambiente Formativo (Trilhas, Acervo e Vídeos)",2,v0.1.0-MVP
Sub-task,"[Formativo] Repositório de Documentos e Legislações EPT/IA","Desenvolver lista de documentos com filtros por tags ('Legislação', 'Guia', 'Artigo', 'Documento UNESCO') e botão de visualização/leitura.",Medium,"Frontend","fase1-mvp;formativo","[Ambiente 1] Construção do Ambiente Formativo (Trilhas, Acervo e Vídeos)",1,v0.1.0-MVP
Sub-task,"[Formativo] Player de Vídeos e Lives com Embed do YouTube","Implementar seção de vídeos com player responsivo para a live de abertura do Prof. Maycon Magalhães e aulas gravadas.",Medium,"Frontend","fase1-mvp;formativo","[Ambiente 1] Construção do Ambiente Formativo (Trilhas, Acervo e Vídeos)",1,v0.1.0-MVP
Sub-task,"[Formativo] Visualizador do E-book de Prompts Curados","Criar componente sanfona/cards para consulta dos prompts modelo (Diagnóstico de pré-requisitos, Contextualização técnica, Erro produtivo, Feedback devolutivo) com botão de cópia rápida.",Medium,"Frontend","fase1-mvp;formativo;prompts","[Ambiente 1] Construção do Ambiente Formativo (Trilhas, Acervo e Vídeos)",1,v0.1.0-MVP
Story,"[Ambiente 2] Construção do Laboratório de IA (Formulários Guiados sem Prompt em Branco)","Implementar o coração da plataforma: o Laboratório de IA. Desenvolver a seleção das 4 ferramentas principais: 1) Exercícios e Avaliações; 2) Atividades Interdisciplinares EPT; 3) Roteiros de Podcast; 4) Planejamento de Aulas. Construir os seletores de parametrização curricular: Área da Matemática (10 opções), Nível de Dificuldade, Eixo Tecnológico CNCT (Trabalho, Ciência, Tecnologia, Cultura), Cursos Técnicos (Informática, Agropecuária, Enfermagem, etc.), Metodologia Ativa e Quantidade de Questões. Critério de Aceite: ZERO campos de prompt abertos; ao clicar em 'Gerar com IA', exibir tela de resultado simulada com gabarito, habilidades da BNCC e alerta ético.",Highest,"Frontend;Formulários","fase1-mvp;laboratorio-ia;pedagogico","[Fase 1] MVP Front-end Navegável dos 5 Ambientes da Plataforma IAprofEPT",8,v0.1.0-MVP
Sub-task,"[Laboratório] Seletor de Modalidades do Laboratório (4 Ferramentas)","Criar os 4 cards interativos para seleção da ferramenta desejada (Exercícios, Interdisciplinar, Podcast, Plano de Aula) com destaque visual e descrição.",High,"Frontend","fase1-mvp;laboratorio-ia","[Ambiente 2] Construção do Laboratório de IA (Formulários Guiados sem Prompt em Branco)",2,v0.1.0-MVP
Sub-task,"[Laboratório] Formulário Parametrizado com Menus Suspensos e Chips","Construir os controles guiados: Select de Áreas da Matemática, Radios de Nível, Chips de Eixos da EPT, Select de Cursos Técnicos, Select de Metodologias e Seleção de Quantidade.",High,"Formulários","fase1-mvp;laboratorio-ia","[Ambiente 2] Construção do Laboratório de IA (Formulários Guiados sem Prompt em Branco)",3,v0.1.0-MVP
Sub-task,"[Laboratório] Tela de Resultado da Geração com Gabarito e Habilidades BNCC","Criar a visualização da atividade gerada com cabeçalho formatado, contexto técnico do curso, enunciado matemático, gabarito passo a passo, habilidades BNCC identificadas e banner ético.",High,"Frontend","fase1-mvp;laboratorio-ia","[Ambiente 2] Construção do Laboratório de IA (Formulários Guiados sem Prompt em Branco)",2,v0.1.0-MVP
Sub-task,"[Laboratório] Painel de Integração com Google NotebookLM","Construir card explicativo e link de acesso orientado ao Google NotebookLM para leitura e interpretação de documentos com instrução de uso responsável.",Medium,"Frontend","fase1-mvp;notebooklm","[Ambiente 2] Construção do Laboratório de IA (Formulários Guiados sem Prompt em Branco)",1,v0.1.0-MVP
Story,"[Ambiente 3] Repositório de Práticas Docentes e Curadoria Comunitária","Desenvolver a comunidade colaborativa de práticas pedagógicas contendo: grid de materiais didáticos cadastrados (Funções em Enfermagem, PA/PG em Administração, Geometria em Agropecuária, etc.), filtros dinâmicos por Curso Técnico e Área Temática, contadores de curtidas/favoritos, modal de visualização completa do material e botões simulados de 'Baixar PDF' e 'Imprimir'. Critério de Aceite: filtragem instantânea no front-end e abertura do modal com formatação de impressão limpa.",High,"Frontend","fase1-mvp;repositorio","[Fase 1] MVP Front-end Navegável dos 5 Ambientes da Plataforma IAprofEPT",5,v0.1.0-MVP
Sub-task,"[Repositório] Grid de Cards de Práticas com Metadados Curriculares","Construir os cards contendo: Título da atividade, Autor docente, Curso Técnico (badge colorido), Tema matemático, Tipo de recurso, contagem de curtidas e data relativa.",Medium,"Frontend","fase1-mvp;repositorio","[Ambiente 3] Repositório de Práticas Docentes e Curadoria Comunitária",2,v0.1.0-MVP
Sub-task,"[Repositório] Barra de Filtros e Busca Rápida por Cursos Técnicos","Implementar seletor horizontal de cursos ('Todos', 'Informática', 'Agropecuária', 'Enfermagem', 'Administração') com atualização em tempo real do catálogo.",Medium,"Frontend","fase1-mvp;repositorio","[Ambiente 3] Repositório de Práticas Docentes e Curadoria Comunitária",1,v0.1.0-MVP
Sub-task,"[Repositório] Modal de Pré-visualização e Exportação/Impressão","Criar modal com visualização completa da sequência didática e folha de estilo específica para impressão (@media print) conforme IAprofEPT-print.html.",High,"Frontend","fase1-mvp;repositorio;impressao","[Ambiente 3] Repositório de Práticas Docentes e Curadoria Comunitária",2,v0.1.0-MVP
Story,"[Ambiente 4] Painel de Reflexão Crítica e Fóruns de Debate Ético","Construir o ambiente de problematização ética e autonomia docente contendo: 1) Lista de Fóruns Temáticos (avaliação automatizada, vieses algorítmicos em enunciados, autoria docente vs IA) com contagem de respostas e status; 2) Seção de Provocações Pedagógicas com reflexões para a sala de aula; 3) Artigos de Opinião e Entrevistas curadas sobre Educação Matemática Crítica. Critério de Aceite: visualização interativa dos fóruns com modal de postagem simulado.",High,"Frontend","fase1-mvp;reflexao-critica","[Fase 1] MVP Front-end Navegável dos 5 Ambientes da Plataforma IAprofEPT",3,v0.1.0-MVP
Sub-task,"[Reflexão] Lista de Fóruns Moderados com Tags e Contadores","Desenvolver a interface dos tópicos de discussão com tags temáticas ('Avaliação', 'Vieses', 'Autoria'), indicador de atividade e modal para ler e responder tópicos.",Medium,"Frontend","fase1-mvp;reflexao-critica","[Ambiente 4] Painel de Reflexão Crítica e Fóruns de Debate Ético",1.5,v0.1.0-MVP
Sub-task,"[Reflexão] Cards de Provocações e Artigos de Educação Matemática Crítica","Construir layout inspirador com citações reflexivas e cards de artigos com links de leitura para debate acadêmico.",Medium,"Frontend","fase1-mvp;reflexao-critica","[Ambiente 4] Painel de Reflexão Crítica e Fóruns de Debate Ético",1.5,v0.1.0-MVP
Story,"[Ambiente 5] Assistente Virtual Prof. mAIcon e Canal de Suporte","Implementar o assistente virtual embutido 'Prof. mAIcon' e a central de suporte contendo: 1) Indicadores de engajamento do docente (Trilhas em andamento, Materiais gerados, Práticas compartilhadas, Posts); 2) Lista de tutoriais em vídeo rápidos; 3) Gaveta/Chat flutuante interativo do Prof. mAIcon com avatar oficial, mensagens acolhedoras, sugestões rápidas de perguntas e respostas pedagógicas simuladas. Critério de Aceite: chat abrindo e fechando com fluidez em qualquer tela da plataforma.",High,"Frontend;UI/UX","fase1-mvp;prof-maicon;suporte","[Fase 1] MVP Front-end Navegável dos 5 Ambientes da Plataforma IAprofEPT",5,v0.1.0-MVP
Sub-task,"[Suporte] Dashboard de Indicadores de Engajamento Docente","Criar os 4 cards de métricas (Trilhas concluídas, Materiais gerados, Práticas no repositório, Participação em fóruns) com ícones e cores de destaque.",Medium,"Frontend","fase1-mvp;suporte","[Ambiente 5] Assistente Virtual Prof. mAIcon e Canal de Suporte",1.5,v0.1.0-MVP
Sub-task,"[Suporte] Central de Tutoriais e Perguntas Frequentes","Construir lista de guias rápidos ('Primeiros passos', 'Como gerar com BNCC', 'Compartilhando práticas', 'Usando o mAIcon').",Low,"Frontend","fase1-mvp;suporte","[Ambiente 5] Assistente Virtual Prof. mAIcon e Canal de Suporte",1,v0.1.0-MVP
Sub-task,"[Prof. mAIcon] Interface do Chatbot Flutuante com Avatar e Sugestões","Desenvolver o widget de chat flutuante com o avatar do Prof. mAIcon, histórico de conversa simulado, chips de perguntas rápidas e campo de envio responsivo.",High,"Frontend;UI/UX","fase1-mvp;prof-maicon","[Ambiente 5] Assistente Virtual Prof. mAIcon e Canal de Suporte",2.5,v0.1.0-MVP
Story,"[Testes & Homologação] Validação de Usabilidade e Acessibilidade do MVP (Marco 1)","Executar bateria de testes na interface completa dos 5 ambientes simulando a navegação de ponta a ponta que será apresentada a Maycon Magalhães em 05/10/2026. Verificar responsividade em desktop (1920x1080, 1366x768), tablet (iPad 768px) e smartphone (375px/414px), conferir que zero prompts vazios aparecem e garantir que todos os botões e modais respondem sem erros de console. Critério de Aceite: aprovação formal do MVP Fase 1.",Highest,"QA","fase1-mvp;qa;homologacao","[Fase 1] MVP Front-end Navegável dos 5 Ambientes da Plataforma IAprofEPT",3,v0.1.0-MVP
Sub-task,"[QA] Teste de Responsividade e Quebra de Layout (Mobile/Desktop)","Validar todas as 6 telas e modais em diferentes resoluções e navegadores (Chrome, Firefox, Safari, Edge).",High,"QA","fase1-mvp;qa","[Testes & Homologação] Validação de Usabilidade e Acessibilidade do MVP (Marco 1)",1.5,v0.1.0-MVP
Sub-task,"[QA] Homologação e Demonstração do Marco 1 com Maycon Magalhães","Realizar ensaio do fluxo de navegação e validar os critérios de aceite do Marco 1 (05/10/2026).",Highest,"QA","fase1-mvp;homologacao;marco1","[Testes & Homologação] Validação de Usabilidade e Acessibilidade do MVP (Marco 1)",1.5,v0.1.0-MVP
