Summary,Description
"[Fase 1] MVP Front-end Navegavel dos 5 Ambientes da Plataforma IAprofEPT","Epico macro da Fase 1 (22/09 a 05/10/2026). Entrega de aplicacao web 100% navegavel contendo a interface completa dos 5 ambientes (Formativo, Laboratorio de IA, Repositorio, Reflexao Critica e Suporte), tela de login/cadastro docente, design system institucional UFJF e integracao de dados simulados fieis ao prototipo de Maycon Magalhaes. Zero prompts em branco expostos."
"[Design System] Implementacao dos Tokens Visuais e Estilos Globais","Implementar o Design System da plataforma IAprofEPT conforme a paleta e tipografia oficial da UFJF/PPGEM. Definir variaveis CSS globais para cores (#064E3B, #10B981, #DC2626, #F8FAFC, #0F172A), tipografia (Outfit para titulos, Plus Jakarta Sans para corpo, Space Grotesk/Fira Code para dados tecnicos), sombras suaves (shadow-app), bordas arredondadas e sistema de grid responsivo. Criterio de Aceite: todas as cores e fontes alinhadas ao prototipo e acessibilidade WCAG AA comprovada."
"[Design System] Configuracao de Variaveis CSS e Paleta de Cores","Criar arquivo de estilos base com todas as variaveis CSS (:root): --primary-green (#064E3B), --accent-green (#10B981), --accent-red (#DC2626), --bg-page (#EDF2F7 ou #FAFAFA), espacamentos e raios de borda (--radius-md, --radius-lg)."
"[Design System] Carregamento e Hierarquia Tipografica (Google Fonts)","Integrar as fontes Outfit e Plus Jakarta Sans via Google Fonts, definindo pesos (400, 500, 600, 700, 800) e escalas tipograficas responsivas com clamp() para titulos e subtitulos."
"[Design System] Biblioteca de Icones SVG e Badges Customizados","Implementar componente ou catalogo de icones SVG (calc, layers, podcast, doc, book, flask, repo, scale, help, graph, spark) e tags coloridas de status/eixos com badges suaves."
"[Auth & Onboarding] Telas de Login, Cadastro e Boas-Vindas Docente","Desenvolver o fluxo de autenticacao e acolhimento dos docentes da Rede Federal de Educacao Profissional, Cientifica e Tecnologica (RFEPCT). Inclui tela de login com avatar institucional, modal de cadastro solicitando Vinculo Institucional (Instituto Federal/Campus, Area de Atuacao Matematica, Cursos Tecnicos atendidos) e tela de Onboarding com apresentacao dos 5 Ambientes. Criterio de Aceite: transicao suave entre login, cadastro e dashboard com persistencia local de sessao simulada."
"[Auth] Tela de Login com Identidade Visual Institucional","Desenvolver a interface de login com campo de e-mail institucional/matricula, senha, botao Entrar na Plataforma, link Esqueci minha senha e link para criacao de conta."
"[Auth] Modal de Cadastro Parametrizado para Docentes da RFEPCT","Construir o formulario de cadastro com campos especificos da pesquisa: Nome Completo, E-mail, Instituicao de Origem (IF/CEFET/Colegio Tecnico), Campus, Cursos Tecnicos em que leciona e Aceite do Termo Etico de Pesquisa."
"[Onboarding] Modal de Boas-Vindas e Apresentacao do Produto Educacional","Criar tela inicial explicativa destacando o proposito da pesquisa de Maycon Magalhaes, o papel da IA como copilot pedagogico e o compromisso etico de validacao docente."
"[Layout & Header] Topbar, Navegacao Modular e Banner Etico Permanente","Construir o container principal da aplicacao, a barra superior de navegacao com logotipo IAprofEPT, seletor de modulos (Inicio, Formativo, Laboratorio, Repositorio, Reflexao, Suporte), perfil do usuario logado (ex: Prof. Maycon Magalhaes - IFNMG) e o Banner de Alerta Etico Obrigatorio em destaque vermelho. Criterio de Aceite: navegacao entre abas sem recarregamento de pagina, indicador de aba ativa e banner etico visivel em todas as telas."
"[Layout] Topbar Institucional com Identidade e Perfil do Usuario","Criar cabecalho com logo badge em gradiente verde, titulo IAprofEPT, subtitulo UFJF / PPGEM, botoes das 6 rotas principais e badge de usuario com iniciais e menu suspenso de perfil."
"[Layout] Banner de Validacao Etica e Autonomia Docente Obrigatorio","Implementar o banner fixo/destacado com borda vermelha e icone de alerta com o texto: Este conteudo foi gerado por Inteligencia Artificial. Cabe ao professor revisar, adaptar e validar pedagogicamente sua aplicacao."
"[Layout] Roteamento de Abas em Estado Global (SPA)","Implementar gerenciador de estado de navegacao (currentTab: inicio | formativo | laboratorio | repositorio | reflexao | suporte) garantindo troca fluida e preservacao de formularios."
"[Ambiente 1] Construcao do Ambiente Formativo (Trilhas, Acervo e Videos)","Implementar o Ambiente Formativo contendo: 1) Grid com as 4 Trilhas de Aprendizagem (Fundamentos da IA, Etica, Possibilidades Didaticas e Estudos de Caso na EPT) com barras de progresso percentual; 2) Acervo de Documentos Oficiais (UNESCO, Plano Brasileiro de IA - PBIA, Guias e Artigos) com filtros por tipo; 3) Player/Card de Videos do YouTube integrados; 4) E-book interativo de Prompts Curados para Educacao Matematica. Criterio de Aceite: cards com badges funcionais, modal para visualizacao de documentos e player responsivo."
"[Formativo] Grid de Trilhas de Formacao Continuada com Status","Construir os cards das 4 trilhas exibindo titulo, descricao, numero de aulas, duracao em minutos, barra de progresso (0 a 100%) e status visual (done, now, lock)."
"[Formativo] Repositorio de Documentos e Legislacoes EPT/IA","Desenvolver lista de documentos com filtros por tags (Legislacao, Guia, Artigo, Documento UNESCO) e botao de visualizacao/leitura."
"[Formativo] Player de Videos e Lives com Embed do YouTube","Implementar secao de videos com player responsivo para a live de abertura do Prof. Maycon Magalhaes e aulas gravadas."
"[Formativo] Visualizador do E-book de Prompts Curados","Criar componente sanfona/cards para consulta dos prompts modelo (Diagnostico de pre-requisitos, Contextualizacao tecnica, Erro produtivo, Feedback devolutivo) com botao de copia rapida."
"[Ambiente 2] Construcao do Laboratorio de IA (Seletores sem Prompt em Branco)","Implementar o coracao da plataforma: o Laboratorio de IA. Desenvolver a selecao das 4 ferramentas principais: 1) Exercicios e Avaliacoes; 2) Atividades Interdisciplinares EPT; 3) Roteiros de Podcast; 4) Planejamento de Aulas. Construir os seletores de parametrizacao curricular: Area da Matematica (10 opcoes), Nivel de Dificuldade, Eixo Tecnologico CNCT (Trabalho, Ciencia, Tecnologia, Cultura), Cursos Tecnicos (Informatica, Agropecuaria, Enfermagem, etc.), Metodologia Ativa e Quantidade de Questoes. Criterio de Aceite: ZERO campos de prompt abertos; ao clicar em Gerar com IA, exibir tela de resultado simulada com gabarito, habilidades da BNCC e alerta etico."
"[Laboratorio] Seletor de Modalidades do Laboratorio (4 Ferramentas)","Criar os 4 cards interativos para selecao da ferramenta desejada (Exercicios, Interdisciplinar, Podcast, Plano de Aula) com destaque visual e descricao."
"[Laboratorio] Formulario Parametrizado com Menus Suspensos e Chips","Construir os controles guiados: Select de Areas da Matematica, Radios de Nivel, Chips de Eixos da EPT, Select de Cursos Tecnicos, Select de Metodologias e Selecao de Quantidade."
"[Laboratorio] Tela de Resultado da Geracao com Gabarito e Habilidades BNCC","Criar a visualizacao da atividade gerada com cabecalho formatado, contexto tecnico do curso, enunciado matematico, gabarito passo a passo, habilidades BNCC identificadas e banner etico."
"[Laboratorio] Painel de Integracao com Google NotebookLM","Construir card explicativo e link de acesso orientado ao Google NotebookLM para leitura e interpretacao de documentos com instrucao de uso responsavel."
"[Ambiente 3] Repositorio de Praticas Docentes e Curadoria Comunitaria","Desenvolver a comunidade colaborativa de praticas pedagogicas contendo: grid de materiais didaticos cadastrados (Funcoes em Enfermagem, PA/PG em Administracao, Geometria em Agropecuaria, etc.), filtros dinamicos por Curso Tecnico e Area Tematica, contadores de curtidas/favoritos, modal de visualizacao completa do material e botoes simulados de Baixar PDF e Imprimir. Criterio de Aceite: filtragem instantanea no front-end e abertura do modal com formatacao de impressao limpa."
"[Repositorio] Grid de Cards de Praticas com Metadados Curriculares","Construir os cards contendo: Titulo da atividade, Autor docente, Curso Tecnico (badge colorido), Tema matematico, Tipo de recurso, contagem de curtidas e data relativa."
"[Repositorio] Barra de Filtros e Busca Rapida por Cursos Tecnicos","Implementar seletor horizontal de cursos (Todos, Informatica, Agropecuaria, Enfermagem, Administracao) com atualizacao em tempo real do catalogo."
"[Repositorio] Modal de Pre-visualizacao e Exportacao/Impressao","Criar modal com visualizacao completa da sequencia didatica e folha de estilo especifica para impressao (@media print) conforme IAprofEPT-print.html."
"[Ambiente 4] Painel de Reflexao Critica e Foruns de Debate Etico","Construir o ambiente de problematizacao etica e autonomia docente contendo: 1) Lista de Foruns Tematicos (avaliacao automatizada, vieses algoritmicos em enunciados, autoria docente vs IA) com contagem de respostas e status; 2) Secao de Provocacoes Pedagogicas com reflexoes para a sala de aula; 3) Artigos de Opiniao e Entrevistas curadas sobre Educacao Matematica Critica. Criterio de Aceite: visualizacao interativa dos foruns com modal de postagem simulado."
"[Reflexao] Lista de Foruns Moderados com Tags e Contadores","Desenvolver a interface dos topicos de discussao com tags tematicas (Avaliacao, Vieses, Autoria), indicador de atividade e modal para ler e responder topicos."
"[Reflexao] Cards de Provocacoes e Artigos de Educacao Matematica Critica","Construir layout inspirador com citacoes reflexivas e cards de artigos com links de leitura para debate academico."
"[Ambiente 5] Assistente Virtual Prof. mAIcon e Canal de Suporte","Implementar o assistente virtual embutido Prof. mAIcon e a central de suporte contendo: 1) Indicadores de engajamento do docente (Trilhas em andamento, Materiais gerados, Praticas compartilhadas, Posts); 2) Lista de tutoriais em video rapidos; 3) Gaveta/Chat flutuante interativo do Prof. mAIcon com avatar oficial, mensagens acolhedoras, sugestoes rapidas de perguntas e respostas pedagogicas simuladas. Criterio de Aceite: chat abrindo e fechando com fluidez em qualquer tela da plataforma."
"[Suporte] Dashboard de Indicadores de Engajamento Docente","Criar os 4 cards de metricas (Trilhas concluidas, Materiais gerados, Praticas no repositorio, Participacao em foruns) com icones e cores de destaque."
"[Suporte] Central de Tutoriais e Perguntas Frequentes","Construir lista de guias rapidos (Primeiros passos, Como gerar com BNCC, Compartilhando praticas, Usando o mAIcon)."
"[Prof. mAIcon] Interface do Chatbot Flutuante com Avatar e Sugestoes","Desenvolver o widget de chat flutuante com o avatar do Prof. mAIcon, historico de conversa simulado, chips de perguntas rapidas e campo de envio responsivo."
"[Testes & Homologacao] Validacao de Usabilidade do MVP (Marco 1)","Executar bateria de testes na interface completa dos 5 ambientes simulando a navegacao de ponta a ponta que sera apresentada a Maycon Magalhaes em 05/10/2026. Verificar responsividade em desktop (1920x1080, 1366x768), tablet (iPad 768px) e smartphone (375px/414px), conferir que zero prompts vazios aparecem e garantir que todos os botoes e modais respondem sem erros de console. Criterio de Aceite: aprovacao formal do MVP Fase 1."
"[QA] Teste de Responsividade e Quebra de Layout (Mobile/Desktop)","Validar todas as 6 telas e modais em diferentes resolucoes e navegadores (Chrome, Firefox, Safari, Edge)."
"[QA] Homologacao e Demonstracao do Marco 1 com Maycon Magalhaes","Realizar ensaio do fluxo de navegacao e validar os criterios de aceite do Marco 1 (05/10/2026)."
